Project No:,
Inspection Date:,7DEC2023
Metric:,No
NoiseThreshold:,0.000
Smoothing Applied,Dual Running Average
Smoothing noise threshold,1.000
  Below smoothing noise averaging period,15
  Above smoothing noise averaging period,3
No Axial Profile Smoothing Applied\Circum Profile Smoothing Applied, Interpolated running Average







Girth Weld No,Absolute Distance,Relative Distance,Distance to DownStrm GW,SeamWeld Orientation,Peak Dent Depth,Dent Length,Dent Width,Pipe Wall Thickness,Nominal OD,Orientation,Comments,Multi Apex Dent,Another Dent In Close Proximity,Off Axis,L_AX_US_5,L_AX_US_10,L_AX_US_15,L_AX_US_20,L_AX_US_30,L_AX_US_40,L_AX_US_50,L_AX_US_60,L_AX_US_75,L_AX_US_85,L_AX_US_90,L_AX_US_95,L_AX_DS_95,L_AX_DS_90,L_AX_DS_85,L_AX_DS_75,L_AX_DS_60,L_AX_DS_50,L_AX_DS_40,L_AX_DS_30,L_AX_DS_20,L_AX_DS_15,L_AX_DS_10,L_AX_DS_5,L_TR_CW_10,L_TR_CW_15,L_TR_CW_20,L_TR_CW_30,L_TR_CW_40,L_TR_CW_50,L_TR_CW_60,L_TR_CW_70,L_TR_CW_75,L_TR_CW_80,L_TR_CW_85,L_TR_CW_90,L_TR_ACW_90,L_TR_ACW_85,L_TR_ACW_80,L_TR_ACW_75,L_TR_ACW_70,L_TR_ACW_60,L_TR_ACW_50,L_TR_ACW_40,L_TR_ACW_30,L_TR_ACW_20,L_TR_ACW_15,L_TR_ACW_10,A_AX_US_5,A_AX_US_10,A_AX_US_15,A_AX_US_20,A_AX_US_30,A_AX_US_40,A_AX_US_50,A_AX_US_60,A_AX_US_75,A_AX_US_85,A_AX_DS_85,A_AX_DS_75,A_AX_DS_60,A_AX_DS_50,A_AX_DS_40,A_AX_DS_30,A_AX_DS_20,A_AX_DS_15,A_AX_DS_10,A_AX_DS_5,A_TR_CW_10,A_TR_CW_15,A_TR_CW_20,A_TR_CW_30,A_TR_CW_40,A_TR_CW_50,A_TR_CW_60,A_TR_CW_75,A_TR_CW_85,A_TR_ACW_85,A_TR_ACW_75,A_TR_ACW_60,A_TR_ACW_50,A_TR_ACW_40,A_TR_ACW_30,A_TR_ACW_20,A_TR_ACW_15,A_TR_ACW_10,SMYS,PMin,PMax,P_SMYS,PMean,PRange,POperation, PIli,PMean,POperation,PIli,PF,R,Is Restrained and Shallow?,Upstream Clockwise Restraint Parameter,Upstream Clockwise Restraint Condition,Downstream Clockwise Restraint Parameter,Downstream Clockwise Restraint Condition,Upstream Anti-Clockwise Restraint Parameter,Upstream Anti-Clockwise Restraint Condition,Downstream Anti-Clockwise Restraint Parameter,Downstream Anti-Clockwise Restraint Condition,Dent Restraint Condition,PRCI Girth Weld Interaction,PRCI Seam Weld Interaction,Assoc. With Metal Loss,Depth of Metal Loss associated with Dent,X_L_US_CW_R,X_H_US_CW_R,LogA_US_CW_R,b_US_CW_R,SP_US_CW_R,GSF_US_CW_R,N'_US_CW_R,N_US_CW_R,X_L_US_CCW_R,X_H_US_CCW_R,LogA_US_CCW_R,b_US_CCW_R,SP_US_CCW_R,GSF_US_CCW_R,N'_US_CCW_R,N_US_CCW_R,X_L_US_CW_U,X_H_US_CW_U,LogA_US_CW_U,b_US_CW_U,SP_US_CW_U,GSF_US_CW_U,N'_US_CW_U,N_US_CW_U,X_L_US_CCW_U,X_H_US_CCW_U,LogA_US_CCW_U,b_US_CCW_U,SP_US_CCW_U,GSF_US_CCW_U,N'_US_CCW_U,N_US_CCW_U,X_L_DS_CW_R,X_H_DS_CW_R,LogA_DS_CW_R,b_DS_CW_R,SP_DS_CW_R,GSF_DS_CW_R,N'_DS_CW_R,N_DS_CW_R,X_L_DS_CCW_R,X_H_DS_CCW_R,LogA_DS_CCW_R,b_DS_CCW_R,SP_DS_CCW_R,GSF_DS_CCW_R,N'_DS_CCW_R,N_DS_CCW_R,X_L_DS_CW_U,X_H_DS_CW_U,LogA_DS_CW_U,b_DS_CW_U,SP_DS_CW_U,GSF_DS_CW_U,N'_DS_CW_U,N_DS_CW_U,X_L_DS_CCW_U,X_H_DS_CCW_U,LogA_DS_CCW_U,b_DS_CCW_U,SP_DS_CCW_U,GSF_DS_CCW_U,N'_DS_CCW_U,N_DS_CCW_U,Min Cycles,Fatigue Reduction Factor,Adjusted Min Cycles
,ft,ft,ft,hh::mm,(%OD),inch,inch,inch,inch,hh::mm,,,,,inch,inch,inch,inch,inch,inch,inch,inch,inch,inch,inch,inch,inch,inch,inch,inch,inch,inch,inch,inch,inch,inch,inch,inch,inch,inch,inch,inch,inch,inch,inch,inch,inch,inch,inch,inch,inch,inch,inch,inch,inch,inch,inch,inch,inch,inch,inch,inch,inch^2,inch^2,inch^2,inch^2,inch^2,inch^2,inch^2,inch^2,inch^2,inch^2,inch^2,inch^2,inch^2,inch^2,inch^2,inch^2,inch^2,inch^2,inch^2,inch^2,inch^2,inch^2,inch^2,inch^2,inch^2,inch^2,inch^2,inch^2,inch^2,inch^2,inch^2,inch^2,inch^2,inch^2,inch^2,inch^2,inch^2,inch^2,ksi,ksi,ksi,ksi,ksi,ksi,ksi,ksi,%SMYS,%SMYS,%SMYS,,,,,,,,,,,,,,,,%WT
293380,,,,,15.67036465,14.66767115,13.97162411,13.11234238,11.25758949,2.40181627,2.03225318,1.60382467,1.08719711,0.73764195,0.55387309,0.31203305,0.53573915,0.86014037,1.03914756,1.23443421,1.51179142,1.68661473,1.83062575,1.98083683,2.20260853,2.53018009,2.70553486,2.95422501,5.46657529,5.22921226,4.99184924,4.51367766,4.01389389,3.51411012,3.06066530,2.61570024,1.11169152,0.88935322,0.66701491,0.44467661,0.65931975,0.98897962,5.70618712,6.49998566,7.09992461,8.58371585,9.21464933,9.83083175,9.83083175,10.52085645,10.99547620,11.47545483,5.17507520,4.67983968,4.35568384,3.97871597,3.23813706,0.36365266,0.25558698,0.15267328,0.06306355,0.02561051,0.02758397,0.04583522,0.08873485,0.12559529,0.16297992,0.20922317,0.28783547,0.41387922,0.48644134,0.59546197,1.18883886,1.07824469,0.97397018,0.78308324,0.61009896,0.46372764,0.35488220,0.07399552,0.02663839,0.03949660,0.40458461,0.64584731,0.80192293,0.98667220,1.19994418,1.47704755,1.68554987,1.90925478,69.99999565,0.00000000,0.00000000,1.31133325,0.00000000,0.00000000,0.00000000,0.00000000,0.00000000,0.00000000,0.00000000,0.00000000,1.56850000,Yes,27.19532931,R,5.60903379,UR,10.73639441,UR,2.85894692,UR,R,,,Yes,11,1.77907943,6.11779174,6.34204300,-0.82187000,-7.25673975,3.28381496,-nan(ind),4294967295,0.73575172,8.87122460,6.34204300,-0.82187000,-41.05347309,3.28381496,-nan(ind),4294967295,,,,,,,,,,,,,,,,,0.15806556,14.37614414,6.34204300,-0.82187000,-83.65210348,3.28381496,-nan(ind),4294967295,0.06536920,20.84641140,6.34204300,-0.82187000,-124.01393806,3.28381496,-nan(ind),4294967295,,,,,,,,,,,,,,,,,4294967295,1.00000000,-2147483648
217150,,,Yes,,48.22623458,33.61220713,29.45535608,26.98840051,15.53808467,10.89861334,7.91395583,5.34819074,3.20001351,1.80116965,1.39911043,0.80357178,0.92519023,1.35523576,1.60288523,2.38062227,10.22311813,13.75998513,16.89708349,25.10095817,32.50534866,35.30873979,39.35178535,44.38651321,6.91934629,6.45147649,5.98778337,5.08050560,3.89097887,2.67625064,2.09677203,1.78483056,1.62885983,1.47288910,1.31691836,1.16094763,0.52083549,0.78125324,1.04167098,1.22827633,1.36155458,1.89466759,2.16122410,2.63684534,2.63684534,3.34575219,5.43307457,5.88932421,23.43937773,14.43527650,11.96094123,10.59029513,4.67550033,2.62960658,1.51520033,0.74269278,0.27019233,0.07598879,0.04897384,0.14314150,1.80298872,2.74140465,3.76463554,6.98474463,10.31610083,11.69483554,13.78617120,16.55410441,2.33462967,2.05919753,1.80188691,1.34402339,0.82910218,0.37680036,0.19548920,0.09320210,0.05123816,0.03941179,0.09778578,0.18519093,0.26587261,0.36448355,0.57613623,0.93375767,2.05368371,2.32188233,69.99999565,0.00000000,0.00000000,1.31133325,0.00000000,0.00000000,0.00000000,0.00000000,0.00000000,0.00000000,0.00000000,0.00000000,1.56850000,Yes,31.73447743,R,31.30514711,R,41.61157698,R,41.04893652,R,R,,,Yes,1,1.95872145,4.68001689,6.34204300,-0.82187000,4.34536591,3.28381496,657155.70377068,4294967295,2.25562290,4.29477775,6.34204300,-0.82187000,11.57275954,3.28381496,293789.37867921,4294967295,,,,,,,,,,,,,,,,,2.20925191,4.27453080,6.34204300,-0.82187000,10.92651998,3.28381496,307996.59143341,4294967295,2.54412857,3.92266955,6.34204300,-0.82187000,18.58235205,3.28381496,199070.64389200,4294967295,,,,,,,,,,,,,,,,,4294967295,1.00000000,-2147483648
279700,,,Yes,,26.96636515,23.26760964,18.17332681,15.11442983,7.25318017,4.80864269,3.79423188,3.19932690,2.18689539,1.63372980,1.40465146,1.01647442,1.34915976,2.14014209,3.18154750,5.31982442,13.46853376,14.89831919,19.37603164,22.56968807,27.95838381,32.43158271,40.58332138,48.75643432,5.87561863,5.58726037,5.32989469,4.81516333,4.29154483,3.76088381,3.21577778,2.64869758,2.36515748,1.69692646,1.03936047,0.69290698,0.47923284,0.71884926,0.95846568,2.42992851,2.67338204,3.66977058,4.20990684,4.86794169,4.86794169,5.80364697,6.29492589,6.78620480,8.69247296,7.14103071,5.13784074,3.98460629,1.35643275,0.61894775,0.36534584,0.24417192,0.08518405,0.03565912,0.09922060,0.29320486,1.25640890,1.55123902,2.66557592,3.59597888,5.40349226,7.04456600,10.21785915,13.57353914,1.06142613,0.94715812,0.85116801,0.67664053,0.52286066,0.39091297,0.28021410,0.15523396,0.03524109,0.02437367,0.19617650,0.30348710,0.40742942,0.54173311,0.73696444,1.05430404,1.23753716,1.43187532,69.99999565,0.00000000,0.00000000,1.31133325,0.00000000,0.00000000,0.00000000,0.00000000,0.00000000,0.00000000,0.00000000,0.00000000,1.56850000,Yes,14.37000778,UR,18.62325352,UR,19.12054342,UR,24.77985630,R,R,,,Yes,11,0.39559419,5.54475341,6.34204300,-0.82187000,-26.72361086,3.28381496,-nan(ind),4294967295,0.39028619,5.88542856,6.34204300,-0.82187000,-28.85583336,3.28381496,-nan(ind),4294967295,,,,,,,,,,,,,,,,,0.85379658,4.15064302,6.34204300,-0.82187000,-10.77156149,3.28381496,-nan(ind),4294967295,0.84234052,4.40566265,6.34204300,-0.82187000,-12.49156789,3.28381496,-nan(ind),4294967295,,,,,,,,,,,,,,,,,4294967295,1.00000000,-2147483648
217150,,,Yes,,48.22623458,33.61220713,29.46123280,26.98840051,15.53808467,10.90928485,7.91395583,5.34819074,3.20001351,1.80116965,1.39911043,0.80357178,0.92519023,1.35203251,1.60288523,2.38062227,10.22311813,13.75053193,16.89708349,25.10095817,32.50534866,35.30873979,39.35178535,44.38651321,6.91934629,6.45147649,5.98778337,5.08050560,3.89097887,2.67625064,2.09677203,1.78483056,1.62885983,1.47288910,1.31691836,1.16094763,0.52083549,0.78125324,1.04167098,1.22827633,1.36155458,1.89466759,2.16122410,2.63684534,2.63684534,3.34575219,5.43307457,5.88932421,23.43881807,14.43472680,11.96377844,10.58981741,4.67501948,2.63349255,1.51483744,0.74246467,0.27006797,0.07588228,0.04915054,0.14331819,1.80304527,2.73872213,3.76482696,6.98503468,10.31646179,11.69518813,13.78656862,16.55452081,2.33462967,2.05919753,1.80188691,1.34402339,0.82910218,0.37680036,0.19548920,0.09320210,0.05123816,0.03941179,0.09778578,0.18519093,0.26587261,0.36448355,0.57613623,0.93375767,2.05368371,2.32188233,69.99999565,0.00000000,0.00000000,1.31133325,0.00000000,0.00000000,0.00000000,0.00000000,0.00000000,0.00000000,0.00000000,0.00000000,1.56850000,Yes,31.73902365,R,31.30571986,R,41.61753485,R,41.04968712,R,R,,,,,1.95789426,4.67955010,6.34204300,-0.82187000,4.33447173,3.28381496,658512.86790621,4294967295,2.25467033,4.29434938,6.34204300,-0.82187000,11.55955886,3.28381496,294065.08710018,4294967295,,,,,,,,,,,,,,,,,2.21136582,4.27453080,6.34204300,-0.82187000,10.96151875,3.28381496,307188.13842884,4294967295,2.54656290,3.92266955,6.34204300,-0.82187000,18.62265591,3.28381496,198716.48418019,4294967295,,,,,,,,,,,,,,,,,4294967295,1.00000000,-2147483648
219380,,,,,42.82849615,39.63139099,35.76337409,27.25570149,21.77375746,16.54965629,5.97107917,4.46654537,2.93927988,2.06626921,1.59819329,0.96661672,1.31211258,2.10909667,2.51532169,3.61045134,5.42330715,7.21350791,9.36423203,14.01079445,20.53783657,24.99255942,29.44363357,38.04744763,5.38997939,4.80718929,4.36811991,3.64806542,3.10944203,2.63951777,2.16385480,1.67328258,1.42799647,1.18271036,0.89223011,0.59482007,1.63183047,1.77250512,1.91317977,2.05385443,2.19452908,3.67377471,4.38366085,5.48715434,5.48715434,6.93312495,7.37827548,7.82342600,15.82003132,14.16912094,12.28198001,8.36481860,6.07548728,4.21064173,0.82857610,0.44548357,0.16407228,0.06961961,0.07240932,0.18322619,0.48519696,0.90517090,1.51803572,3.08939312,5.61259096,7.51328613,9.52696688,13.64905347,1.47906033,1.19447916,0.99161802,0.69023931,0.49346689,0.34922995,0.22989237,0.09642857,0.03734428,-0.00917452,0.02222780,0.17547017,0.38169313,0.59958314,1.00322118,1.60892242,1.81387188,2.03124251,69.99999565,0.00000000,0.00000000,1.31133325,0.00000000,0.00000000,0.00000000,0.00000000,0.00000000,0.00000000,0.00000000,0.00000000,1.56850000,Yes,35.81954357,R,27.04087612,R,26.53782127,R,19.58151441,UR,R,,,Yes,11,1.90676974,3.66628624,6.34204300,-0.82187000,9.56847757,3.28381496,343492.84308716,4294967295,1.58992628,4.54211568,6.34204300,-0.82187000,-0.93304415,3.28381496,-nan(ind),4294967295,,,,,,,,,,,,,,,,,1.01545575,4.38571337,6.34204300,-0.82187000,-9.50568350,3.28381496,-nan(ind),4294967295,0.84671985,5.43340485,6.34204300,-0.82187000,-18.58639014,3.28381496,-nan(ind),4294967295,,,,,,,,,,,,,,,,,4294967295,1.00000000,-2147483648
215150,,,,,39.52470649,29.12559932,23.38702524,19.48766661,10.10017070,6.85964607,5.35269181,4.38569883,3.06843075,2.26762556,1.71879757,1.32871762,0.72742458,1.05577624,1.32571972,1.79311704,2.68561533,3.39429978,4.29003649,6.44340604,11.01999590,12.82980752,17.79785610,28.99880930,4.69181874,4.32724827,3.98803203,3.34363767,2.82556976,2.30750185,1.88803423,1.46954727,1.26030378,1.02818309,0.77113732,0.51409155,0.27866913,0.41800370,0.55733826,0.69667283,0.83600739,1.32477602,1.52453297,1.72428993,1.72428993,1.92404688,2.02392536,2.12380384,11.11277700,7.40041184,5.48528708,4.24892723,1.59658046,0.76810766,0.44474943,0.27774851,0.10942125,0.04641940,0.02691237,0.06175980,0.17145509,0.29383526,0.48130768,1.02105683,2.34744665,2.91386978,4.56264399,8.50721116,0.86905907,0.74582424,0.63788757,0.45096813,0.32108926,0.21119177,0.13837002,0.05968447,0.02230650,0.01209149,0.03358747,0.08598393,0.12227559,0.16464994,0.21472872,0.27251192,0.30429268,0.33799955,69.99999565,0.00000000,0.00000000,1.31133325,0.00000000,0.00000000,0.00000000,0.00000000,0.00000000,0.00000000,0.00000000,0.00000000,1.56850000,Yes,26.66573181,R,18.03529066,UR,49.00822237,R,34.78143173,R,R,,,,,0.52663042,4.30148501,6.34204300,-0.82187000,-17.09344847,3.28381496,-nan(ind),4294967295,0.70831938,2.94177704,6.34204300,-0.82187000,-5.92592058,3.28381496,-nan(ind),4294967295,,,,,,,,,,,,,,,,,0.41967310,5.80758849,6.34204300,-0.82187000,-27.90218406,3.28381496,-nan(ind),4294967295,0.56446149,3.97179821,6.34204300,-0.82187000,-14.48869901,3.28381496,-nan(ind),4294967295,,,,,,,,,,,,,,,,,4294967295,1.00000000,-2147483648
219440,,,,,34.38516957,31.01272909,26.72223394,24.63180849,15.85142417,13.28521440,7.02131449,5.11003921,3.30725571,2.31394343,1.77856403,0.98292626,1.00542409,1.50852014,1.81813662,2.40399801,3.21430347,3.82548424,5.26800623,10.97093069,16.58728359,23.16717645,42.73865090,48.94540116,5.46108888,4.76852744,4.14777050,3.27073881,2.83737900,2.40401918,1.89609731,1.36504100,1.10798179,0.88638544,0.66478908,0.44319272,1.27919199,1.36996942,1.46074685,1.55152428,1.64230171,2.00541143,2.18696629,2.42952957,2.42952957,2.77610505,2.94939279,3.12268053,9.08794910,7.80829281,6.27401594,5.56190934,2.82273144,2.14194209,0.74217754,0.38305904,0.13963414,0.05844821,0.03851469,0.08666494,0.19727022,0.31043436,0.64162418,2.16763142,3.90230846,6.15799923,13.13781092,15.51976830,1.21363251,0.96250085,0.75009095,0.47365250,0.35691858,0.25814372,0.16378895,0.05739549,0.02066237,0.01511171,0.03015951,0.06683852,0.10069607,0.14207751,0.20821345,0.31593292,0.37517863,0.43801498,69.99999565,0.00000000,0.00000000,1.31133325,0.00000000,0.00000000,0.00000000,0.00000000,0.00000000,0.00000000,0.00000000,0.00000000,1.56850000,Yes,30.39037213,R,30.05663900,R,26.61967626,R,26.35660209,R,R,,,,,0.95929531,4.22430981,6.34204300,-0.82187000,-9.46694163,3.28381496,-nan(ind),4294967295,0.81066112,3.32223177,6.34204300,-0.82187000,-6.51455809,3.28381496,-nan(ind),4294967295,,,,,,,,,,,,,,,,,0.75702770,4.53686221,6.34204300,-0.82187000,-14.69135352,3.28381496,-nan(ind),4294967295,0.63973306,3.56804033,6.34204300,-0.82187000,-10.81957877,3.28381496,-nan(ind),4294967295,,,,,,,,,,,,,,,,,4294967295,1.00000000,-2147483648
227290,,,,,36.94380656,26.41750828,23.82424936,22.25578475,19.39378811,13.74569218,8.63029966,6.15156604,3.76664796,2.26986408,1.50214556,0.92666458,1.46917554,1.87408846,2.38717115,3.12052854,4.49914190,5.33335937,6.14000259,7.31524292,9.00597826,11.78293333,22.10490532,62.69598174,5.60135753,5.15282084,4.70428414,4.03092483,3.40109522,2.89843876,2.39578231,1.74833783,1.40708708,1.08299706,0.81224779,0.54149853,0.41881601,0.62822402,0.83763203,1.04704004,1.21890425,1.76412852,2.03674065,2.33430886,2.33430886,3.19581203,4.69363337,5.34199929,12.75020888,7.68152141,6.48861406,5.80380589,4.67214163,2.73752348,1.26549288,0.67315365,0.25797703,0.09075926,0.06833352,0.15050901,0.39742198,0.60143970,0.84318118,1.26491450,1.96649186,3.22909122,8.00556345,28.65542017,1.46642067,1.25183988,1.04952085,0.77266303,0.54851609,0.39736240,0.27369120,0.09925857,0.03330693,0.02576088,0.07155799,0.14931625,0.21638845,0.29836557,0.40476994,0.75803685,1.44012867,1.75030813,69.99999565,0.00000000,0.00000000,1.31133325,0.00000000,0.00000000,0.00000000,0.00000000,0.00000000,0.00000000,0.00000000,0.00000000,1.56850000,Yes,26.55168075,R,14.47698387,UR,33.18054118,R,19.75165712,UR,R,,,,,1.72841400,4.65064199,6.34204300,-0.82187000,0.70856910,3.28381496,2917489.99602282,4294967295,2.00367196,4.43858937,6.34204300,-0.82187000,6.53835687,3.28381496,469714.32433684,4294967295,,,,,,,,,,,,,,,,,0.52272061,6.61295871,6.34204300,-0.82187000,-31.02899135,3.28381496,-nan(ind),4294967295,0.60596629,6.31143148,6.34204300,-0.82187000,-27.84131912,3.28381496,-nan(ind),4294967295,,,,,,,,,,,,,,,,,4294967295,1.00000000,-2147483648
214460,,,,,41.47383262,27.26488715,25.14877214,15.59473930,10.36425331,7.84542356,6.12264475,4.90378386,3.22853206,2.30680861,1.69571026,1.23906695,1.33688239,1.75859857,2.13779355,2.67642173,3.33986673,3.85748387,4.40738220,5.07958743,5.98071627,6.74347069,21.86873574,31.97838153,5.43230890,5.07794345,4.72357799,4.03432408,3.35842253,2.73637736,2.11241447,1.48392350,1.16967801,0.93160527,0.69870395,0.46580264,0.36711235,0.55066852,0.73422470,0.91778087,1.10133704,2.38327439,2.81155808,3.23984177,3.23984177,3.75410862,4.05231645,4.35052428,17.81246921,10.15784117,9.07611639,4.66048955,2.34262099,1.38085142,0.82715074,0.50751773,0.18482617,0.07648310,0.05754496,0.11655848,0.23952310,0.37170419,0.54289344,0.79144215,1.17781219,1.53354655,8.75688114,14.08036963,1.53091914,1.35079370,1.18096114,0.88056098,0.62511428,0.42636744,0.26329420,0.08530678,0.03044178,0.02399204,0.06664455,0.22822481,0.39347923,0.53031822,0.69203702,0.91731784,1.06023640,1.21181668,69.99999565,0.00000000,0.00000000,1.31133325,0.00000000,0.00000000,0.00000000,0.00000000,0.00000000,0.00000000,0.00000000,0.00000000,1.56850000,Yes,33.71470069,R,9.83539441,UR,46.27302175,R,11.24411209,UR,R,,,Yes,11,1.02624577,4.49350818,6.34204300,-0.82187000,-9.97389986,3.28381496,-nan(ind),4294967295,1.15855069,4.01414710,6.34204300,-0.82187000,-4.90682678,3.28381496,-nan(ind),4294967295,,,,,,,,,,,,,,,,,0.38821750,8.67765126,6.34204300,-0.82187000,-45.64579736,3.28381496,-nan(ind),4294967295,0.43826699,7.75193172,6.34204300,-0.82187000,-39.26205040,3.28381496,-nan(ind),4294967295,,,,,,,,,,,,,,,,,4294967295,1.00000000,-2147483648
279700,,,Yes,,35.84686866,33.69821393,27.76722744,24.70838053,15.87727398,14.35336078,13.55039559,12.84245387,3.31588095,2.41862177,1.49170430,0.75875370,0.78860016,1.17966996,1.65331598,2.34705466,3.36139314,4.72398996,8.10078581,11.65362590,16.78242974,20.97606927,26.20369755,34.44116062,7.35612979,7.01783846,6.69925621,6.08873566,5.47577858,4.85945375,4.10587338,3.33331723,3.09808539,2.86285354,2.62762170,1.00823040,0.80959596,1.20191707,1.53188448,1.86185188,2.19181928,3.14694537,3.59820856,4.03024889,4.03024889,4.46228921,4.70847682,4.99633935,8.34238449,7.53064169,5.43263809,4.39290957,1.70003813,1.29274356,1.11227845,0.98276210,0.15748361,0.07845823,0.04039964,0.09606348,0.22928071,0.46835929,1.22012599,2.13325089,3.66250793,5.03579553,6.84828545,9.85315523,1.11723615,0.99640703,0.88903864,0.70212792,0.53952099,0.40115001,0.26396059,0.12577233,0.08736371,0.03643591,0.09031295,0.19723753,0.28215589,0.38332588,0.49795905,0.63022810,0.71331399,0.81613121,69.99999565,0.00000000,0.00000000,1.31133325,0.00000000,0.00000000,0.00000000,0.00000000,0.00000000,0.00000000,0.00000000,0.00000000,1.56850000,,11.37373060,UR,14.41655157,UR,17.84052641,UR,19.70824479,UR,R/UR,,,Yes,11,0.42811990,5.02730721,6.34204300,-0.82187000,-23.07998304,3.28381496,-nan(ind),4294967295,0.55225485,4.11788259,6.34204300,-0.82187000,-15.56742811,3.28381496,-nan(ind),4294967295,3.82029502,0.47360799,6.06056000,-0.42298000,61.71240824,10.78344072,201033.41135370,4294967295,12.34893214,1.25868546,6.06056000,-0.42298000,201.15147120,10.78344072,121959.53258282,4294967295,0.49496081,5.78415110,6.34204300,-0.82187000,-26.51504334,3.28381496,-nan(ind),4294967295,0.63847654,4.73781571,6.34204300,-0.82187000,-17.86003070,3.28381496,-nan(ind),4294967295,0.81441171,0.23593038,6.06056000,-0.42298000,12.32847434,10.78344072,397307.87137643,4294967295,2.63254930,0.62702095,6.06056000,-0.42298000,40.68260236,10.78344072,239779.63631027,4294967295,4294967295,2.00000000,-2147483648
216730,,,,,39.39306761,26.84261622,23.29634708,21.89211653,12.82305394,10.18924123,8.87383818,7.54426151,5.23124013,3.83523802,3.04767620,2.24458751,1.36972666,1.94415201,2.64697940,3.62867957,5.35453831,6.49635396,8.66395878,11.32913960,15.71052578,21.24500452,26.40694993,35.67575696,6.28737035,5.96030442,5.65639147,5.13365736,4.61092325,3.69523016,2.99291530,2.37134248,2.13643623,1.92438595,1.71233567,1.50028539,1.42150372,1.67491481,1.92832589,2.18173697,2.40149654,3.16386165,3.71256863,4.78196598,4.78196598,5.85266678,6.12564113,6.39861547,11.05039414,6.23185860,4.94796380,4.46878508,1.78440693,1.06537182,0.76450184,0.51611007,0.20317265,0.08516161,0.06456806,0.14253332,0.36752300,0.57210020,1.05524704,1.76120794,3.09206633,4.93037825,6.74651538,10.19517235,1.04060679,0.92223069,0.81836488,0.65619777,0.51565295,0.30752031,0.17556782,0.05867827,0.02359343,0.03235678,0.07428499,0.15430626,0.22525851,0.35268257,0.64060247,0.97069384,1.06384675,1.16264530,69.99999565,0.00000000,0.00000000,1.31133325,0.00000000,0.00000000,0.00000000,0.00000000,0.00000000,0.00000000,0.00000000,0.00000000,1.56850000,,15.23002844,UR,15.19672746,UR,14.77191140,UR,14.82052240,UR,UR,,,,,,,,,,,,,,,,,,,,,12.56810582,0.80544626,6.06056000,-0.42298000,207.63706803,10.78344072,120333.45286518,4294967295,12.99164370,1.01004661,6.06056000,-0.42298000,213.54643525,10.78344072,118913.54762867,4294967295,,,,,,,,,,,,,,,,,5.23991743,0.47167315,6.06056000,-0.42298000,85.73551722,10.78344072,174932.96474718,4294967295,5.41649961,0.59148808,6.06056000,-0.42298000,87.98768581,10.78344072,173024.82820181,4294967295,4294967295,1.00000000,-2147483648
214230,,,,,23.82085354,23.01362061,22.20708609,21.45362278,6.54311380,4.70582147,4.06446836,3.31520796,2.45434908,1.74063573,1.32366250,0.92045436,0.36897745,0.80111622,1.10985757,1.83891483,2.50017340,2.87108882,3.38645771,3.79412391,7.43697073,18.75210712,30.82164789,32.02362643,9.06371414,7.49080971,6.71678614,5.73601991,4.92761224,4.09433539,3.09733299,1.99255046,1.65472840,1.31690634,0.98403095,0.65602063,0.89406417,1.29561471,1.63658468,1.97755465,2.33249227,3.82758746,4.19161918,4.55565090,4.55565090,5.17623083,5.50322765,6.23763201,5.74397667,5.45599773,5.18404061,4.94441148,0.91993001,0.46203858,0.32786827,0.19795475,0.09188776,0.03997255,0.02772671,0.07724664,0.15357210,0.21314054,0.31275449,0.40597502,1.38395866,4.55494501,8.20098162,8.59435641,1.58879079,1.13822477,0.92975482,0.69054446,0.51968938,0.37083733,0.22676875,0.06767248,0.02399684,0.03062719,0.07494854,0.23489361,0.28812755,0.35319126,0.43008474,0.58181528,0.66948193,0.88077328,69.99999565,0.00000000,0.00000000,1.31133325,0.00000000,0.00000000,0.00000000,0.00000000,0.00000000,0.00000000,0.00000000,0.00000000,1.56850000,,18.17047294,UR,16.69813185,UR,16.39683189,UR,15.21155759,UR,R/UR,,,,,0.33334977,5.80789283,6.34204300,-0.82187000,-29.33321725,3.28381496,-nan(ind),4294967295,0.30492939,4.97809237,6.34204300,-0.82187000,-24.82424833,3.28381496,-nan(ind),4294967295,3.40571122,0.58590795,6.06056000,-0.42298000,54.01176763,10.78344072,212692.44345673,4294967295,2.25427634,0.40932277,6.06056000,-0.42298000,35.61913290,10.78344072,253646.56168195,4294967295,0.21149481,6.32032404,6.34204300,-0.82187000,-34.42572507,3.28381496,-nan(ind),4294967295,0.19346341,5.41731016,6.34204300,-0.82187000,-29.30540877,3.28381496,-nan(ind),4294967295,1.28353204,0.43627797,6.06056000,-0.42298000,19.03488629,10.78344072,330625.09917817,4294967295,0.84958346,0.30478935,6.06056000,-0.42298000,12.50123107,10.78344072,394976.18615925,4294967295,4294967295,1.00000000,-2147483648
