Diagnostic File
Project No:,
Inspection Date:,7DEC2023
Metric:,No
NoiseThreshold:,0.000
Smoothing Applied,Dual Running Average
Smoothing noise threshold,1.000
  Below smoothing noise averaging period,15
  Above smoothing noise averaging period,3
No Axial Profile Smoothing Applied\Circum Profile Smoothing Applied, Interpolated running Average



Girth Weld No,Absolute Distance,Relative Distance,Distance to DownStrm GW,Seamweld Orinetation,Peak Dent Depth,Dent Length,Dent Width,Pipe Wall Thickness,Nominal OD,Orientation,Comments,Smoothed Depth,Zero-AxUpStrm,Zero-AxDnStrm,Zero-CcClk,Zero-CcAntiClk
,ft,ft,ft,hh::mm,%OD,inch,ft,inch,inch,,,%OD,inch,inch,inch,inch
293380,,1.40,-0.111964,-0.0520633,-0.111964,-0.111964,,The peak of the dent does not match the reported dent depth,Minimum pressure below lower pressure limit; Maximum pressure below lower pressure limit; ,
217150,,1.99,-0.0754476,0.00260262,-0.0754476,-0.0754476,,The peak of the dent does not match the reported dent depth,Minimum pressure below lower pressure limit; Maximum pressure below lower pressure limit; ,
279700,,1.43,-0.0240368,-0.0181558,-0.0240368,-0.0240368,,Possible multi-apex dent detected but it is not flagged as multi-apex,The peak of the dent does not match the reported dent depth,Minimum pressure below lower pressure limit; Maximum pressure below lower pressure limit; ,
217150,,1.99,-0.0754476,0.00260262,-0.0754476,-0.0754476,,The peak of the dent does not match the reported dent depth,Minimum pressure below lower pressure limit; Maximum pressure below lower pressure limit; ,
219380,,1.61,-0.0740472,-0.0335095,-0.0740472,-0.0740472,,The peak of the dent does not match the reported dent depth,Negative area measures exist - check the dent is correctly located over the peak,Minimum pressure below lower pressure limit; Maximum pressure below lower pressure limit; ,
215150,,1.25,-0.0104761,-0.00429404,-0.0104761,-0.0104761,,The peak of the dent does not match the reported dent depth,Minimum pressure below lower pressure limit; Maximum pressure below lower pressure limit; ,
219440,,1.35,-0.00366152,-0.00838034,-0.00838034,-0.00838034,,The peak of the dent does not match the reported dent depth,Minimum pressure below lower pressure limit; Maximum pressure below lower pressure limit; ,
227290,,1.72,-0.0132678,-0.0321407,-0.0321407,-0.0321407,,The peak of the dent does not match the reported dent depth,Minimum pressure below lower pressure limit; Maximum pressure below lower pressure limit; ,
214460,,1.86,-0.022193,-0.00716374,-0.022193,-0.022193,,The peak of the dent does not match the reported dent depth,Minimum pressure below lower pressure limit; Maximum pressure below lower pressure limit; ,
279700,,1.28,-0.0256683,-0.0124229,-0.0256683,-0.0256683,,Possible multi-apex dent detected but it is not flagged as multi-apex,The peak of the dent does not match the reported dent depth,Minimum pressure below lower pressure limit; Maximum pressure below lower pressure limit; ,
216730,,1.31,-0.019532,-0.00912052,-0.019532,-0.019532,,The peak of the dent does not match the reported dent depth,Minimum pressure below lower pressure limit; Maximum pressure below lower pressure limit; ,
214230,,0.98,-0.0919854,-0.060233,-0.0317641,-0.0315791,,The peak of the dent does not match the reported dent depth,Minimum pressure below lower pressure limit; Maximum pressure below lower pressure limit; ,
