Dent Name,Centre Distance (m),Centre Orientation (deg),Dent Depth (%),Dent Length (mm),Dent Width (mm),Assoc. Girth Weld,Assoc. Seam Weld,Another Dent Close Proximity,Dent Top Of Pipe (Yes/No),Total Dent Strain (%),MultiApex,Weld Interaction (Yes/No),Interacts with Pre 1967 Yougstown or AO Smith (Yes/No),Metal Loss Interaction (Yes/No),Likely Corrosion (Yes/No),Is Metal Loss Sharp? (Yes/No),Is SLD Uppserbound > 0.6 (Yes/No),Dent Restraint Parameter,Km-Max (0.75+ Level),Applied Fatigue Reduction Factor,Calculated Fatigue Life from Dent Introduction (Years),
800,95334.3,195,1.66,136.665,230.943,No,No,No,Yes,3.9975,No,No,No,Yes,Yes,No,No,27.1953,7.045515,2.861709,496.839489,
86,6520.35,180,1.62,236.664,201.865,No,No,Yes,Yes,3.91979,No,No,No,No,,Yes,N/A,41.6116,,,,
683,79373.8,187.5,1.2,269.997,260.252,No,No,Yes,Yes,1.90113,No,No,No,Yes,No,Yes,N/A,24.7799,,,,
87,6520.35,180,1.39,243.331,259.827,No,No,Yes,Yes,3.88643,No,No,No,No,,Yes,N/A,41.6175,,,,
96,9094.12,180,1.81,356.663,288.887,No,No,No,Yes,2.87287,No,No,No,No,,No,No,35.8195,7.122157,1.000000,1376.401298,
70,4199.26,187.5,1.28,323.33,173.192,No,No,No,Yes,1.58738,No,No,No,No,,Yes,No,49.0082,6.857207,1.000000,1542.190297,
97,9161.83,172.5,1.35,329.997,230.87,No,No,No,Yes,3.01402,No,No,No,No,,No,No,30.3904,6.891026,1.000000,1519.596132,
214,18206.2,187.5,1.81,483.329,230.697,No,No,No,Yes,3.09046,No,No,No,No,,No,No,33.1805,7.122157,1.000000,1376.401298,
57,3418.94,187.5,1.68,396.663,202.23,No,No,No,Yes,1.63506,No,No,No,Yes,Yes,No,No,46.273,7.055682,3.324877,425.781921,
684,79374,180,1.39,269.997,289.28,No,No,Yes,Yes,1.1896,No,No,No,Yes,Yes,No,N/A,19.7082,,,,
80,6036.98,180,1.21,503.328,260.219,No,No,No,Yes,0.724223,No,No,No,Yes,Yes,No,No,15.23,5.182102,3.315291,1077.805223,
51,3148.52,180,1.24,269.997,318.182,No,No,No,Yes,1.54374,No,No,No,No,,No,No,18.1705,5.244556,1.000000,3447.098768,
