Dent Name,Distance (m),Start Distance - API1183 Close Proximity Rules (m),End Distance -  API1183 Close Proximity Rules (m),Orientation (deg),Top Of Pipe,UpStrm GW Dist,DnStrm Gw Dist,Pipe OD (m),Wall Thickness (m),Steel Grade,Spool Type,SW Orientation,Is Weld Ductile,Dent Depth (%),Assoc. Crack,PRCI Assoc GW,User Assoc SW,PRCI Assoc SW,Assoc Weld,MultiApex,Dent in Close Proximity To Another Dent,Dent Pk Total Strain (%),Restraint Parameter,Restrained,Assoc Metal Loss Clusters Count,Assoc Metal Loss Depth (%WT),Assoc Metal Loss Length (mm),Assoc Metal Loss Width (mm),Assoc Metal Loss Centre Azimuth (deg),Assoc Metal Loss Peak Azimuth (deg),Assoc Metal Loss Centre Dist (m),Assoc Metal Loss Peak Dist (m),Assoc Metal Loss,Assoc. Metal Loss a Gouge,Assoc Metal Loss Gouge Depth (%WT),Assoc Metal Loss Gouge Length (mm),Assoc Metal Loss Gouge Width (mm),Assoc Metal Loss Gouge Centre Azimuth (deg),Assoc Metal Loss Gouge Peak Azimuth (deg),Assoc Metal Loss Gouge Centre Dist (m),Assoc Metal Loss Gouge Peak Dist (m),Initial ECA Eligibility,Strain Limit,Factor Applied to Pk Strain,Perform Fatigue Assessment,Final ECA Eligibility,SSI Cycles,SSI Mean Pressure,SMYS (Pa),k,y,N,D,Fatigue Life Reduction Factor,Calculated Fatigue Life from Dent Introduction (Years),
800,95334.3,95334,95334.4,1718.87,TRUE,10.7397,1.45475,0.762,0.0071374,X70,SeamWeld,?,TRUE,1.66,FALSE,FALSE,FALSE,FALSE,FALSE,FALSE,FALSE,3.9975,27.1953,TRUE,2,12.660000,0.099000,0.067000,205.800003,205.842701,95334.355579,95334.355579,TRUE,FALSE,,,,,,,,L0.75+ Dent ECA Possible - Immediate,0.117900,1.000000,TRUE,L0.75+ Dent ECA Possible - Immediate,11.000000,2068427.100000,482632960.000856,7.045515,,15639.911162,0.000703,2.861709,496.839489,
86,6520.35,6519.49,6521.34,1718.87,TRUE,8.01669,3.84736,0.762,0.0071374,X70,SeamWeld,?,TRUE,1.62,FALSE,FALSE,FALSE,FALSE,FALSE,FALSE,TRUE,3.91979,41.6116,TRUE,0,16.520000,0.031000,0.005000,178.500000,178.539261,6519.184626,6519.184626,FALSE,,,,,,,,,FEA Level 3 Only, or applicable CFR criterion,,,FALSE,FEA Level 3 Only, or applicable CFR criterion,11.000000,2068427.100000,482632960.000856,,,,,,,
683,79373.8,79373.2,79374.8,1718.87,TRUE,0.848162,10.8055,0.762,0.0071374,X70,SeamWeld,?,TRUE,1.2,FALSE,FALSE,FALSE,FALSE,FALSE,FALSE,TRUE,1.90113,24.7799,TRUE,4,11.620000,0.055000,0.011000,208.699997,208.590382,79373.773557,79373.773557,TRUE,TRUE,21.629999,0.084000,0.049000,196.400009,192.990376,79373.737614,79373.769165,FEA Level 3 Only, or applicable CFR criterion,,,FALSE,FEA Level 3 Only, or applicable CFR criterion,11.000000,2068427.100000,482632960.000856,,,,,,,
87,6520.58,6519.73,6521.58,1718.87,TRUE,8.25275,3.6113,0.762,0.0071374,X70,SeamWeld,?,TRUE,1.39,FALSE,FALSE,FALSE,FALSE,FALSE,FALSE,TRUE,3.88643,41.6175,TRUE,0,16.520000,0.031000,0.005000,178.500000,178.539261,6519.184626,6519.184626,FALSE,,,,,,,,,FEA Level 3 Only, or applicable CFR criterion,,,FALSE,FEA Level 3 Only, or applicable CFR criterion,11.000000,2068427.100000,482632960.000856,,,,,,,
96,9094.15,9093.14,9094.9,1718.87,TRUE,10.332,1.65619,0.762,0.0071374,X70,SeamWeld,?,TRUE,1.81,FALSE,FALSE,FALSE,FALSE,FALSE,FALSE,FALSE,2.87287,35.8195,TRUE,0,13.170000,0.013000,0.005000,162.900009,162.817499,9101.607351,9101.607351,FALSE,,,,,,,,,Dent ECA Not Required - Acceptable,0.117900,1.000000,TRUE,Dent ECA Not Required - Acceptable,11.000000,2068427.100000,482632960.000856,7.122157,,15140.414278,0.000727,1.000000,1376.401298,
70,4199.27,4198.53,4199.72,1718.87,TRUE,5.55821,6.38199,0.762,0.0071374,X70,SeamWeld,?,TRUE,1.28,FALSE,FALSE,FALSE,FALSE,FALSE,FALSE,FALSE,1.58738,49.0082,TRUE,0,11.020000,0.027000,0.005000,176.100006,176.104893,4186.801711,4186.801711,FALSE,,,,,,,,,Dent ECA Not Required - Acceptable,0.117900,1.000000,TRUE,Dent ECA Not Required - Acceptable,11.000000,2068427.100000,482632960.000856,6.857207,,16964.093267,0.000648,1.000000,1542.190297,
97,9161.85,9161.06,9162.93,1718.87,TRUE,6.20809,5.76087,0.762,0.0071374,X70,SeamWeld,?,TRUE,1.35,FALSE,FALSE,FALSE,FALSE,FALSE,FALSE,FALSE,3.01402,30.3904,TRUE,0,14.870000,0.010000,0.006000,174.400009,174.348434,9152.232161,9152.232161,FALSE,,,,,,,,,Dent ECA Not Required - Acceptable,0.117900,1.000000,TRUE,Dent ECA Not Required - Acceptable,11.000000,2068427.100000,482632960.000856,6.891026,,16715.557450,0.000658,1.000000,1519.596132,
214,18206.2,18205.5,18206.8,1718.87,TRUE,5.64276,6.50839,0.762,0.0071374,X70,SeamWeld,?,TRUE,1.81,FALSE,FALSE,FALSE,FALSE,FALSE,FALSE,FALSE,3.09046,33.1805,TRUE,0,13.390000,0.020000,0.010000,42.600002,42.678009,18206.505251,18206.505251,FALSE,,,,,,,,,Dent ECA Not Required - Acceptable,0.117900,1.000000,TRUE,Dent ECA Not Required - Acceptable,11.000000,2068427.100000,482632960.000856,7.122157,,15140.414278,0.000727,1.000000,1376.401298,
57,3418.95,3418.26,3419.5,1718.87,TRUE,5.55217,6.42676,0.762,0.0071374,X70,SeamWeld,?,TRUE,1.68,FALSE,FALSE,FALSE,FALSE,FALSE,FALSE,FALSE,1.63506,46.273,TRUE,1,16.920000,0.014000,0.005000,177.900009,177.899860,3418.817797,3418.817797,TRUE,FALSE,,,,,,,,L0.75+ Dent ECA Possible - Immediate,0.117900,1.000000,TRUE,L0.75+ Dent ECA Possible - Immediate,11.000000,2068427.100000,482632960.000856,7.055682,,15572.398015,0.000706,3.324877,425.781921,
684,79374,79373.2,79374.7,1718.87,TRUE,1.12805,10.5256,0.762,0.0071374,X70,SeamWeld,?,TRUE,1.39,FALSE,FALSE,FALSE,FALSE,FALSE,FALSE,TRUE,1.1896,19.7082,FALSE,1,12.490000,0.009000,0.005000,156.199997,156.228462,79374.159803,79374.159803,TRUE,FALSE,,,,,,,,FEA Level 3 Only, or applicable CFR criterion,,,FALSE,FEA Level 3 Only, or applicable CFR criterion,11.000000,2068427.100000,482632960.000856,,,,,,,
80,6037.05,6036.37,6037.72,1718.87,TRUE,6.21006,5.69262,0.762,0.0071374,X70,SeamWeld,?,TRUE,1.21,FALSE,FALSE,FALSE,FALSE,FALSE,FALSE,FALSE,0.724223,15.23,FALSE,1,16.840000,0.016000,0.021000,165.100006,164.005249,6036.883431,6036.883431,TRUE,FALSE,,,,,,,,L0.75+ Dent ECA Possible - Immediate,0.117900,1.000000,TRUE,L0.75+ Dent ECA Possible - Immediate,11.000000,2068427.100000,482632960.000856,5.182102,,39305.614004,0.000280,3.315291,1077.805223,
51,3148.55,3147.97,3149.34,1718.87,TRUE,7.49209,4.49177,0.762,0.0071374,X70,SeamWeld,?,TRUE,1.24,FALSE,FALSE,FALSE,FALSE,FALSE,FALSE,FALSE,1.54374,18.1705,FALSE,0,18.049999,0.007000,0.005000,165.699997,165.705292,3148.070446,3148.070446,FALSE,,,,,,,,,Dent ECA Not Required - Acceptable,0.117900,1.000000,TRUE,Dent ECA Not Required - Acceptable,11.000000,2068427.100000,482632960.000856,5.244556,,37918.086443,0.000290,1.000000,3447.098768,
